006,2025-11-23T15:01:05-05:00,2025-11-23T15:09:48-05:00,523
011,2025-11-23T15:10:30-05:00,2025-11-23T15:11:05-05:00,35
012,2025-11-23T15:11:24-05:00,2025-11-23T15:12:12-05:00,48
013,2025-11-23T15:12:39-05:00,2025-11-23T15:13:20-05:00,41
014,2025-11-23T15:13:53-05:00,2025-11-23T15:14:15-05:00,22
016,2025-11-23T15:47:22-05:00,2025-11-23T16:06:13-05:00,1131
017,2025-11-23T16:06:21-05:00,2025-11-23T16:06:32-05:00,11
018,2025-11-23T16:06:41-05:00,2025-11-23T16:07:00-05:00,19
019,2025-11-23T16:07:13-05:00,2025-11-23T16:07:32-05:00,19
020,2025-11-23T16:07:40-05:00,2025-11-23T16:07:50-05:00,10
022,2025-11-23T18:21:00-05:00,2025-11-23T18:21:23-05:00,23
023,2025-11-23T18:21:38-05:00,2025-11-23T18:22:27-05:00,49
025,2025-11-23T18:22:38-05:00,2025-11-23T18:22:54-05:00,16
028,2025-11-23T18:23:14-05:00,2025-11-23T18:24:51-05:00,97
029,2025-11-23T18:25:04-05:00,2025-11-23T18:25:28-05:00,24
032,2025-11-23T19:31:37-05:00,2025-11-23T19:39:55-05:00,498
034,2025-11-23T19:40:06-05:00,2025-11-23T19:41:00-05:00,54
035,2025-11-23T19:41:12-05:00,2025-11-23T19:41:34-05:00,22
036,2025-11-23T19:41:47-05:00,2025-11-23T19:42:02-05:00,15
038,2025-11-23T19:42:29-05:00,2025-11-23T19:42:44-05:00,15
040,2025-11-23T19:52:02-05:00,2025-11-23T19:53:52-05:00,110
041,2025-11-23T19:53:52-05:00,2025-11-23T19:54:25-05:00,33
044,2025-11-23T19:54:25-05:00,2025-11-23T19:56:08-05:00,103
045,2025-11-23T19:56:08-05:00,2025-11-23T19:56:36-05:00,28
047,2025-11-24T14:42:40Z,2025-11-24T14:43:26Z,46
048,2025-11-23T20:01:48-05:00,2025-11-23T20:02:14-05:00,26
050,2025-11-23T20:02:32-05:00,2025-11-23T20:03:07-05:00,35
051,2025-11-23T20:03:25-05:00,2025-11-23T20:04:46-05:00,81
052,2025-11-23T20:04:59-05:00,2025-11-23T20:05:35-05:00,36
053,2025-11-23T20:05:52-05:00,2025-11-23T20:06:31-05:00,39
054,2025-11-24T14:23:21Z,2025-11-24T14:31:42Z,501
055,2025-11-23T20:16:05-05:00,2025-11-23T20:17:29-05:00,84
056,2025-11-23T20:17:29-05:00,2025-11-23T20:20:00-05:00,151
057,2025-11-23T20:20:28-05:00,2025-11-23T20:21:08-05:00,40
058,2025-11-23T20:21:08-05:00,2025-11-23T20:21:36-05:00,28
059,2025-11-23T20:21:55-05:00,2025-11-23T20:22:20-05:00,25
060,2025-11-23T20:23:03-05:00,2025-11-23T20:23:56-05:00,53
061,2025-11-23T20:24:18-05:00,2025-11-23T20:25:36-05:00,78
062,2025-11-23T20:42:10-05:00,2025-11-23T20:43:01-05:00,51
063,2025-11-23T20:43:14-05:00,2025-11-23T20:43:54-05:00,40
066,2025-11-23T20:44:53-05:00,2025-11-23T20:45:27-05:00,34
067,2025-11-23T20:45:44-05:00,2025-11-23T20:46:49-05:00,65
068,2025-11-23T20:47:07-05:00,2025-11-23T20:47:39-05:00,32
069,2025-11-23T21:03:23-05:00,2025-11-23T21:04:00-05:00,37
071,2025-11-23T21:04:45-05:00,2025-11-23T21:05:18-05:00,33
072,2025-11-23T21:05:57-05:00,2025-11-23T21:06:32-05:00,35
073,2025-11-23T21:07:11-05:00,2025-11-23T21:09:09-05:00,118
076,2025-11-23T21:09:55-05:00,2025-11-23T21:11:07-05:00,72
078,2025-11-23T21:24:43-05:00,2025-11-23T21:26:41-05:00,118
006,2025-11-24T02:48:42Z,2025-11-24T02:50:15Z,93
079,2025-11-24T02:51:39Z,2025-11-24T02:53:26Z,107
080,2025-11-24T02:53:43Z,2025-11-24T02:54:04Z,21
081,2025-11-24T02:54:15Z,2025-11-24T02:54:39Z,24
082,2025-11-24T02:54:49Z,2025-11-24T02:55:34Z,45
085,2025-11-24T02:55:50Z,2025-11-24T02:56:29Z,39
088,2025-11-24T03:52:45Z,2025-11-24T03:54:10Z,85
090,2025-11-24T03:54:23Z,2025-11-24T03:55:13Z,50
091,2025-11-24T03:55:32Z,2025-11-24T03:57:25Z,113
093,2025-11-24T13:58:26Z,2025-11-24T13:59:33Z,67
094,2025-11-24T04:00:08Z,2025-11-24T04:00:43Z,35
095,2025-11-24T04:05:53Z,2025-11-24T04:06:26Z,33
097,2025-11-24T04:06:34Z,2025-11-24T04:06:49Z,15
098,2025-11-24T04:06:55Z,2025-11-24T04:07:16Z,21
099,2025-11-24T04:07:21Z,2025-11-24T04:08:54Z,93
100,2025-11-24T04:09:02Z,2025-11-24T04:09:42Z,40
101,2025-11-24T04:11:48Z,2025-11-24T04:12:30Z,42
102,2025-11-24T04:12:39Z,2025-11-24T04:13:24Z,45
104,2025-11-24T04:13:30Z,2025-11-24T04:14:14Z,44
105,2025-11-24T04:14:22Z,2025-11-24T04:14:50Z,28
106,2025-11-24T04:14:56Z,2025-11-24T04:15:35Z,39
107,2025-11-24T04:17:44Z,2025-11-24T04:18:34Z,50
108,2025-11-24T04:18:41Z,2025-11-24T04:19:13Z,32
109,2025-11-24T04:19:19Z,2025-11-24T04:21:17Z,118
111,2025-11-24T04:21:48Z,2025-11-24T04:22:28Z,40
112,2025-11-24T04:22:36Z,2025-11-24T04:24:36Z,120
114,2025-11-24T14:03:04Z,2025-11-24T14:06:21Z,197
115,2025-11-24T04:28:11Z,2025-11-24T04:29:07Z,56
116,2025-11-24T04:28:53Z,2025-11-24T04:29:39Z,46
117,2025-11-24T14:07:32Z,2025-11-24T14:07:51Z,19
118,2025-11-24T04:32:24Z,2025-11-24T04:33:48Z,84
119,2025-11-24T14:06:40Z,2025-11-24T14:07:11Z,31
120,2025-11-24T04:39:14Z,2025-11-24T04:43:56Z,282
121,2025-11-24T04:44:06Z,2025-11-24T04:45:14Z,68
122,2025-11-24T04:45:25Z,2025-11-24T04:46:09Z,44
123,2025-11-24T04:46:18Z,2025-11-24T04:46:48Z,30
125,2025-11-24T04:52:58Z,2025-11-24T04:53:35Z,37
126,2025-11-24T04:53:47Z,2025-11-24T04:55:00Z,73
127,2025-11-24T04:55:13Z,2025-11-24T04:56:19Z,66
128,2025-11-24T04:56:29Z,2025-11-24T04:57:03Z,34
130,2025-11-24T04:57:15Z,2025-11-24T04:57:45Z,30
132,2025-11-24T05:00:06Z,2025-11-24T05:02:28Z,142
133,2025-11-24T05:02:44Z,2025-11-24T05:03:17Z,33
134,2025-11-24T14:43:42Z,2025-11-24T14:44:42Z,60
136,2025-11-24T05:04:34Z,2025-11-24T05:05:03Z,29
138,2025-11-24T13:20:44Z,2025-11-24T13:22:36Z,112
142,2025-11-24T13:28:32Z,2025-11-24T13:37:03Z,511
143,2025-11-24T13:37:16Z,2025-11-24T13:42:00Z,284
145,2025-11-24T13:42:15Z,2025-11-24T13:42:48Z,33
147,2025-11-24T13:46:07Z,2025-11-24T13:47:19Z,72
148,2025-11-24T13:47:42Z,2025-11-24T13:48:11Z,29
149,2025-11-24T13:48:28Z,2025-11-24T13:53:45Z,317
150,2025-11-24T13:54:07Z,2025-11-24T13:55:44Z,97
151,2025-11-24T14:45:08Z,2025-11-24T14:45:56Z,48